City_ID,City,Lat,Lng,Max Temp,Humidity,Cloudiness,Wind Speed,Country,Date
0,moyale,3.5167,39.0584,19.54,72,27,1.38,KE,1686871636
1,port-aux-francais,-49.35,70.2167,6.7,97,100,11.49,TF,1686871636
2,petrovskaya,45.4314,37.955,18.34,88,1,3.58,RU,1686871636
3,plastun,44.7561,136.2939,21.0,58,3,0.87,RU,1686871637
4,invercargill,-46.4,168.35,6.45,72,100,1.69,NZ,1686871434
5,waitangi,-43.9535,-176.5597,11.57,90,94,0.45,NZ,1686871395
6,nadym,65.5333,72.5167,6.08,86,100,6.63,RU,1686871637
7,tazovsky,67.4667,78.7,3.02,90,99,5.54,RU,1686871637
8,portland,45.5234,-122.6762,26.11,46,40,4.63,US,1686871023
9,ulladulla,-35.35,150.4667,12.4,61,0,1.61,AU,1686871637
10,isafjordur,66.0755,-23.124,12.75,84,100,0.49,IS,1686871638
11,huilong,31.8111,121.655,22.31,90,100,3.47,CN,1686871638
12,blackmans bay,-43.0167,147.3167,10.07,75,71,4.02,AU,1686871638
13,robertsport,6.7533,-11.3686,27.27,73,97,5.53,LR,1686871638
14,avarua,-21.2078,-159.775,23.03,88,20,1.54,CK,1686871569
15,grytviken,-54.2811,-36.5092,-0.34,88,75,3.35,GS,1686871638
16,yellowknife,62.456,-114.3525,17.29,42,75,6.71,CA,1686871361
17,anadyr,64.75,177.4833,4.28,75,75,3.0,RU,1686871639
18,college,64.8569,-147.8028,21.16,28,75,2.57,US,1686871639
19,gaiman,-43.2897,-65.4929,7.99,71,100,4.38,AR,1686871639
20,buzdyak,54.5833,54.55,15.52,54,100,1.69,RU,1686871639
21,trincomalee,8.5711,81.2335,28.05,77,88,7.64,LK,1686871639
22,san patricio,28.017,-97.5169,34.05,59,2,8.68,US,1686871640
23,chernyshevskiy,63.0128,112.4714,8.23,86,100,4.21,RU,1686871640
24,antsiranana,-12.2787,49.2917,22.31,85,1,4.86,MG,1686871640
25,puerto natales,-51.7236,-72.4875,2.24,78,10,3.59,CL,1686871640
26,lijiang,26.8688,100.2207,13.27,96,94,1.61,CN,1686871640
27,petropavlovsk-kamchatsky,53.0452,158.6483,19.33,45,0,3.0,RU,1686871641
28,kuluncak,38.8828,37.6728,13.53,88,0,3.06,TR,1686871579
29,anloga,5.7947,0.8973,26.66,78,93,5.38,GH,1686871641
30,erdenet,49.0333,104.0833,6.35,80,100,0.69,MN,1686871641
31,qaqortoq,60.7167,-46.0333,3.18,72,14,2.04,GL,1686871641
32,zaozersk,69.4005,32.4476,4.56,64,82,8.22,RU,1686871642
33,bella vista,36.4295,-94.2316,31.29,48,0,3.09,US,1686871642
34,hamilton,39.1834,-84.5333,27.47,54,75,2.57,US,1686870852
35,ushuaia,-54.8,-68.3,1.81,87,0,2.06,AR,1686871642
36,praia,14.9215,-23.5087,24.3,83,20,7.72,CV,1686871616
37,kodiak,57.79,-152.4072,8.73,87,100,6.17,US,1686871642
38,al bayda',32.7627,21.7551,18.0,92,36,8.87,LY,1686871643
39,brokopondo,4.75,-55.1667,24.63,87,99,4.51,SR,1686871643
40,gedo,9.0167,37.45,11.98,92,100,0.77,ET,1686871643
41,vila franca do campo,37.7167,-25.4333,19.23,92,56,3.67,PT,1686871643
42,ishim,56.1128,69.4902,9.34,88,28,1.01,RU,1686871643
43,sinabang,2.4803,96.3801,26.54,77,93,1.3,ID,1686871643
44,papatowai,-46.5619,169.4708,7.92,65,100,2.99,NZ,1686871644
45,minas de marcona,-15.2119,-75.1103,14.16,81,11,5.11,PE,1686871644
46,tangalle,6.024,80.7911,27.1,83,100,5.77,LK,1686871644
47,sverdlovskiy,55.9108,38.1536,17.27,75,3,1.88,RU,1686871644
48,newman,37.3138,-121.0208,33.19,18,83,2.42,US,1686871644
49,port alfred,-33.5906,26.891,11.77,92,56,2.68,ZA,1686871644
50,koesan,36.8108,127.7947,19.55,70,0,0.79,KR,1686871500
51,ancud,-41.8697,-73.8203,6.04,76,6,3.08,CL,1686871645
52,olonkinbyen,70.9221,-8.7187,3.46,92,87,4.38,SJ,1686871522
53,nouadhibou,20.931,-17.0347,21.33,79,0,9.62,MR,1686871645
54,tromso,69.6496,18.957,6.32,87,75,1.54,NO,1686871645
55,nacala,-14.5428,40.6728,20.95,80,43,0.82,MZ,1686871645
56,adamstown,-25.066,-130.1015,21.4,71,73,2.98,PN,1686871645
57,lihue,21.9789,-159.3672,27.58,82,75,8.75,US,1686871646
58,gebeit,21.0667,36.3167,30.59,31,47,1.86,SD,1686871646
59,ilulissat,69.2167,-51.1,2.01,87,100,4.12,GL,1686871646
60,whakatane,-37.9585,176.9854,13.21,80,100,0.89,NZ,1686871646
61,vorgashor,67.5833,63.95,0.57,96,88,6.92,RU,1686871646
62,port mathurin,-19.6833,63.4167,24.76,70,3,7.12,MU,1686871646
63,geraldton,-28.7667,114.6,14.23,82,75,3.09,AU,1686871647
64,hermanus,-34.4187,19.2345,8.78,84,10,3.27,ZA,1686871647
65,bilibino,68.0546,166.4372,5.53,48,69,0.5,RU,1686871647
66,changuinola,9.4333,-82.5167,23.93,77,100,3.92,PA,1686871647
67,stanley,54.868,-1.6985,11.61,88,0,1.03,GB,1686871647
68,odda,60.0691,6.5457,19.91,71,90,0.62,NO,1686871647
69,olyokminsk,60.3736,120.4264,12.66,56,39,3.26,RU,1686871648
70,kudymkar,59.0173,54.656,9.21,76,0,2.29,RU,1686871648
71,puerto baquerizo moreno,-0.9,-89.6,25.63,70,17,4.4,EC,1686871648
72,pandaan,-7.6527,112.6875,22.72,79,38,1.37,ID,1686871648
73,vilyuchinsk,52.9306,158.4028,20.15,58,64,3.77,RU,1686871648
74,pacific grove,36.6177,-121.9166,20.77,84,100,5.66,US,1686871449
75,iskateley,67.6803,53.1512,2.05,87,86,10.53,RU,1686871649
76,alice springs,-23.7,133.8833,7.75,57,22,0.0,AU,1686871649
77,ribeira grande,38.5167,-28.7,18.76,87,9,1.79,PT,1686871649
78,dunedin,-45.8742,170.5036,9.91,78,79,5.53,NZ,1686871649
79,chonchi,-42.6128,-73.8092,3.95,89,6,1.41,CL,1686871649
80,hami,42.8,93.45,26.12,24,100,4.66,CN,1686871649
81,cidreira,-30.1811,-50.2056,17.54,95,100,11.39,BR,1686871391
82,galliano,29.4422,-90.2992,33.0,66,40,8.23,US,1686871650
83,rizokarpaso,35.6,34.375,23.0,80,0,5.36,CY,1686871650
84,kittila,67.6647,24.8936,10.34,57,0,3.6,FI,1686871650
85,puerto armuelles,8.2833,-82.8667,27.87,74,70,2.24,PA,1686871423
86,coquimbo,-29.9533,-71.3436,14.85,67,0,2.06,CL,1686871647
87,keflavik,64.0049,-22.5624,11.95,93,100,6.17,IS,1686871629
88,saipan,15.1355,145.701,30.39,100,40,7.72,MP,1686871651
89,edinburgh of the seven seas,-37.0676,-12.3116,11.43,65,94,18.02,SH,1686871522
90,east london,-33.0153,27.9116,14.54,76,26,9.48,ZA,1686871651
91,albany,42.6001,-73.9662,24.23,55,19,0.45,US,1686871514
92,bethel,41.3712,-73.414,24.75,62,0,3.6,US,1686871651
93,kuta,-8.7233,115.1723,25.97,83,40,3.13,ID,1686871651
94,jiayuguan,39.8167,98.3,22.05,17,30,3.3,CN,1686871651
95,hithadhoo,-0.6,73.0833,28.77,73,98,6.01,MV,1686871652
96,san pedro,14.35,121.0167,28.53,93,75,1.54,PH,1686871652
97,praya,14.9215,-23.5087,24.3,83,20,7.72,CV,1686871652
98,iqaluit,63.7506,-68.5145,5.85,52,20,4.12,CA,1686871652
99,midvagur,62.0511,-7.1939,9.46,93,55,3.09,FO,1686871652
100,arraial do cabo,-22.9661,-42.0278,22.98,87,100,10.44,BR,1686871439
101,kerikeri,-35.2268,173.9474,13.28,96,43,1.21,NZ,1686871653
102,sidney,-33.8679,151.2073,14.04,67,0,3.6,AU,1686871474
103,villa berthet,-27.2917,-60.4126,13.67,74,83,2.48,AR,1686871653
104,soe,-9.8607,124.284,17.59,86,46,1.98,ID,1686871653
105,lib,8.3122,167.3766,28.07,81,92,9.16,MH,1686871653
106,alofi,-19.0595,-169.9187,24.94,83,100,5.14,NU,1686871653
107,kuanda,56.3161,116.0806,9.25,74,20,1.22,RU,1686871654
108,nar'yan-mar,67.6713,53.087,2.09,86,83,10.54,RU,1686871654
109,bechar,31.6167,-2.2167,32.18,18,30,2.06,DZ,1686871654
110,bredasdorp,-34.5322,20.0403,10.06,91,8,1.9,ZA,1686871654
111,aasiaat,68.7098,-52.8699,0.69,82,100,4.48,GL,1686871654
112,simpang,-1.2667,104.0833,23.34,98,100,1.44,ID,1686871654
113,uturoa,-16.7333,-151.4333,27.28,81,66,10.03,PF,1686871655
114,port-vila,-17.7338,168.3219,25.78,78,100,6.17,VU,1686871430
115,sandnessjoen,66.0217,12.6316,8.29,93,97,6.65,NO,1686871655
116,georgetown,5.4112,100.3354,28.86,83,20,1.03,MY,1686871464
117,lospalos,-8.5186,127.0025,22.07,76,100,3.69,TL,1686871656
118,parras de la fuente,25.4167,-102.1833,34.35,15,36,7.11,MX,1686871656
119,turuntayevo,52.2,107.6167,6.05,53,2,0.82,RU,1686871656
120,amos,48.5669,-78.1162,13.02,88,100,2.9,CA,1686871656
121,susuman,62.7833,148.1667,17.73,53,56,1.64,RU,1686871656
122,pregradnaya,43.9508,41.1994,13.91,92,100,0.94,RU,1686871657
123,dauphin,51.1494,-100.0502,22.08,60,0,3.6,CA,1686871530
124,el-tor,28.2364,33.6254,26.08,73,0,9.77,EG,1686871657
125,longyearbyen,78.2186,15.6401,3.91,70,75,5.14,SJ,1686871657
126,flying fish cove,-10.4217,105.6791,25.82,83,75,6.69,CX,1686871657
127,isangel,-19.55,169.2667,24.85,64,18,4.38,VU,1686871430
128,strezhevoy,60.7333,77.5889,5.91,64,61,4.11,RU,1686871657
129,codrington,-38.2667,141.9667,10.57,69,1,8.16,AU,1686871658
130,altamira,-3.2033,-52.2064,25.59,75,89,0.68,BR,1686871658
131,puerto ayora,-0.7393,-90.3518,25.86,85,37,0.45,EC,1686871658
132,lagoa,39.05,-27.9833,18.45,83,0,7.87,PT,1686871658
133,bagdogra,26.7,88.3167,23.98,92,17,2.48,IN,1686871658
134,kadoma,34.7333,135.5833,23.43,63,40,2.57,JP,1686871434
135,dudinka,69.4058,86.1778,5.9,86,100,3.26,RU,1686871659
136,berezovyy,51.6667,135.7,18.02,61,3,0.88,RU,1686871659
137,selfoss,63.9331,-20.9971,12.25,94,100,1.14,IS,1686871659
138,thompson,55.7435,-97.8558,21.09,37,75,5.14,CA,1686871659
139,dryden,49.7833,-92.7503,20.16,32,0,1.54,CA,1686871659
140,hawaiian paradise park,19.5933,-154.9731,27.73,80,20,5.14,US,1686871659
141,san antonio de pale,-1.4014,5.6325,25.25,79,96,5.61,GQ,1686871660
142,nagqu,31.5,92.0,2.93,91,43,1.39,CN,1686871660
143,northam,51.0333,-4.2167,16.88,77,2,0.89,GB,1686871660
144,dalandzadgad,43.5708,104.425,16.47,48,25,7.62,MN,1686871660
145,conduaga,8.862,117.4893,26.12,82,100,1.63,PH,1686871660
146,al muwayh,22.4333,41.7583,31.87,18,90,4.98,SA,1686871520
147,bengkulu,-3.8004,102.2655,22.57,89,100,2.87,ID,1686871661
148,peniche,39.3558,-9.3811,21.16,91,80,6.91,PT,1686871584
149,bakanas,44.8081,76.2772,17.57,17,0,4.15,KZ,1686871661
150,touros,-5.1989,-35.4608,25.07,87,4,4.23,BR,1686871661
151,sydney,-33.8679,151.2073,14.04,68,0,3.6,AU,1686871287
152,tiksi,71.6872,128.8694,4.29,83,95,1.85,RU,1686871661
153,kupang,-10.1667,123.5833,25.32,83,20,4.12,ID,1686871661
154,rio grande,-32.035,-52.0986,15.06,75,100,6.45,BR,1686871662
155,badger,64.8,-147.5333,21.11,29,75,2.57,US,1686871662
156,ta`u,-14.2336,-169.5144,27.0,82,96,7.84,AS,1686871391
157,constantia,44.1833,28.65,16.5,79,99,2.45,RO,1686871662
158,jamestown,42.097,-79.2353,20.01,67,0,2.06,US,1686871662
159,afaahiti,-17.75,-149.2833,28.93,82,89,8.9,PF,1686871662
160,smara,26.7384,-11.6719,21.82,67,3,5.56,EH,1686871663
161,cam ranh,11.9214,109.1591,28.98,74,20,2.06,VN,1686871663
162,palmer,42.1584,-72.3287,25.78,52,40,4.12,US,1686871663
163,kavieng,-2.5744,150.7967,27.62,80,80,4.39,PG,1686871663
164,maridi,4.9158,29.4742,20.0,87,46,1.65,SS,1686871523
165,nuku'alofa,-21.1333,-175.2,25.19,65,75,4.12,TO,1686871663
166,remire-montjoly,4.9167,-52.2667,26.02,89,0,1.54,GF,1686871663
167,okha,53.5739,142.9478,4.51,97,100,7.69,RU,1686871664
168,thinadhoo,0.5333,72.9333,28.66,73,98,6.28,MV,1686871664
169,torghay,49.6339,63.4981,17.76,56,66,3.98,KZ,1686871664
170,hasaki,35.7333,140.8333,24.05,84,37,4.59,JP,1686871664
171,port lincoln,-34.7333,135.8667,13.03,49,1,9.59,AU,1686871664
172,magadan,59.5667,150.8,8.09,93,100,1.21,RU,1686871664
173,revda,56.801,59.9303,7.94,79,0,1.4,RU,1686871665
174,lata,40.1629,-8.3327,21.07,79,100,1.1,PT,1686871665
175,pedregal,8.3667,-82.4333,27.93,85,82,2.24,PA,1686871665
176,whitehorse,60.7161,-135.0538,19.43,17,75,6.71,CA,1686871106
177,tralee,52.2704,-9.7026,15.04,95,53,1.72,IE,1686871665
178,nova olinda do norte,-3.8881,-59.0942,24.7,78,97,1.15,BR,1686871665
179,udachny,66.4167,112.4,10.25,70,59,8.45,RU,1686871665
180,rongelap,11.1635,166.8941,27.86,75,74,8.3,MH,1686871666
181,yerofey pavlovich,53.9667,121.9667,9.51,82,100,3.93,RU,1686871615
182,garhwa,24.1833,83.8167,30.89,34,16,2.22,IN,1686871666
183,asha,54.9973,57.2722,12.88,80,100,1.34,RU,1686871666
184,tura,25.5198,90.2201,22.59,99,74,2.14,IN,1686871666
185,fale old settlement,-9.3852,-171.2468,29.01,69,95,8.38,TK,1686871667
186,arteche,12.2645,125.4048,27.69,83,100,4.16,PH,1686871667
187,kudat,6.8837,116.8477,24.96,100,20,1.03,MY,1686871667
188,fort mcmurray,56.7268,-111.381,15.77,77,0,5.66,CA,1686871667
189,kimbe,-5.5502,150.1429,27.8,75,92,1.93,PG,1686871392
190,novyy urgal,51.0736,132.5642,15.98,66,13,0.53,RU,1686871667
191,north saanich,48.6663,-123.4193,20.83,57,75,5.66,CA,1686871667
192,aykhal,66.0,111.5,7.01,82,71,9.07,RU,1686871668
193,st. john's,47.5649,-52.7093,9.38,94,75,5.66,CA,1686871568
194,west island,-12.1568,96.8225,26.99,89,40,7.91,CC,1686871668
195,san luis de la loma,17.2706,-100.8939,31.66,61,33,3.94,MX,1686871668
196,usinsk,65.9939,57.5281,2.2,76,39,11.38,RU,1686871668
197,betio village,1.358,172.9211,32.02,76,97,6.09,KI,1686871668
198,mtwara,-10.2667,40.1833,21.49,90,61,2.65,TZ,1686871669
199,port elizabeth,-33.918,25.5701,13.39,99,14,3.13,ZA,1686871669
200,americus,32.0724,-84.2327,22.07,94,40,2.06,US,1686871669
201,margaret river,-33.95,115.0667,15.63,64,89,10.73,AU,1686871669
202,guiuan,11.0333,125.7247,28.48,77,100,5.29,PH,1686871669
203,la'ie,21.6477,-157.9253,27.66,82,14,3.13,US,1686871417
204,kiama,-34.6833,150.8667,15.88,69,0,3.13,AU,1686871670
205,surgana,20.5667,73.6167,24.67,79,78,7.2,IN,1686871670
206,nogliki,51.8333,143.1667,10.12,87,100,5.56,RU,1686871670
207,mahina,-17.5065,-149.489,29.87,62,20,10.29,PF,1686871670
208,lebu,-37.6167,-73.65,10.78,85,45,7.85,CL,1686871670
209,mount isa,-20.7333,139.5,12.87,38,29,2.06,AU,1686871670
210,opuwo,-18.0607,13.84,14.72,23,0,2.17,NA,1686871671
211,atafu village,-8.5421,-172.5159,28.96,71,15,9.17,TK,1686871671
212,queenstown,-31.8976,26.8753,7.16,73,28,4.96,ZA,1686871671
213,villazon,-22.0866,-65.5942,5.32,10,0,0.24,BO,1686871671
214,silver city,32.7701,-108.2803,29.4,9,0,8.49,US,1686871671
215,mar del plata,-38.0023,-57.5575,10.61,68,0,5.66,AR,1686871671
216,harlingen,26.1906,-97.6961,35.05,76,0,8.75,US,1686871646
217,madalena,41.2162,-8.3345,23.08,76,100,0.34,PT,1686871672
218,isla vista,34.4133,-119.861,23.2,75,100,3.09,US,1686871672
219,mil'kovo,55.6078,37.7956,17.22,68,15,2.13,RU,1686871672
220,farmington,36.7281,-108.2187,28.76,17,0,4.12,US,1686871447
221,dawesville,30.9224,-84.0091,21.23,100,100,4.63,US,1686871672
222,ouesso,1.6136,16.0517,21.45,97,69,0.59,CG,1686871673
223,katsuren-haebaru,26.3369,127.8719,25.01,78,75,0.0,JP,1686871673
224,vadso,70.0744,29.7487,5.49,81,40,4.12,NO,1686871673
225,punta arenas,-53.15,-70.9167,5.06,70,20,11.83,CL,1686871434
226,skagen,57.7209,10.5839,16.5,80,12,2.43,DK,1686871673
227,maych'ew,12.7875,39.5422,15.12,73,61,1.95,ET,1686871673
228,djibo,14.1022,-1.6306,33.76,39,38,5.2,BF,1686871673
229,happy valley-goose bay,53.3168,-60.3315,10.17,87,100,7.2,CA,1686871674
230,howard springs,-12.497,131.047,22.95,45,88,3.72,AU,1686871674
231,miami beach,25.7906,-80.1301,32.79,72,20,4.63,US,1686871674
232,querecotillo,-4.8378,-80.6456,28.28,54,96,7.21,PE,1686871674
233,qamdo,31.1667,97.2333,3.83,84,89,2.14,CN,1686871674
234,chom thong,18.4174,98.6743,24.14,91,61,1.37,TH,1686871674
235,hovd,48.0056,91.6419,13.93,33,100,0.75,MN,1686871675
236,mao,39.8885,4.2658,20.31,94,0,2.57,ES,1686871675
237,taoudenni,22.6783,-3.9836,37.09,9,3,5.27,ML,1686871675
238,mampong,7.0627,-1.4001,21.08,97,90,2.63,GH,1686871675
239,gamba,-2.65,10.0,22.04,90,64,2.35,GA,1686871675
240,ghat,24.9647,10.1728,33.24,16,40,5.23,LY,1686871675
241,franceville,-1.6333,13.5836,23.15,90,100,0.98,GA,1686871675
242,lauro de freitas,-12.8944,-38.3272,27.01,74,20,4.63,BR,1686871555
243,la passe,45.5549,-0.8967,18.32,88,74,2.74,FR,1686871676
244,kudahuvadhoo,2.6708,72.8944,28.44,76,100,6.29,MV,1686871676
245,wailua homesteads,22.0669,-159.378,27.24,86,75,8.75,US,1686871676
246,christchurch,-43.5333,172.6333,12.73,78,100,8.75,NZ,1686871676
247,pavilosta,56.8879,21.1859,15.95,87,100,1.27,LV,1686871676
248,new norfolk,-42.7826,147.0587,10.72,72,22,1.25,AU,1686871676
249,weno,7.4515,151.8468,27.97,83,100,3.6,FM,1686871385
250,nuuk,64.1835,-51.7216,2.34,69,100,2.57,GL,1686871677
251,mercedes,-34.6515,-59.4307,10.58,68,19,1.99,AR,1686871502
252,yingkou,40.6648,122.2283,22.99,59,16,4.64,CN,1686871678
253,marienberg,50.65,13.1667,12.6,79,32,1.55,DE,1686871678
254,vilyuysk,63.7553,121.6247,11.11,66,59,4.26,RU,1686871679
255,raichur,16.2,77.3667,28.66,54,3,6.88,IN,1686871679
256,show low,34.2542,-110.0298,26.16,13,0,9.26,US,1686871679
257,reyes,-14.3167,-67.3833,15.23,81,99,0.21,BO,1686871679
258,gargalianoi,37.0667,21.6333,22.42,77,0,1.5,GR,1686871679
259,tolanaro,-25.0319,46.9987,19.04,82,0,3.09,MG,1686871680
260,tayga,56.06,85.6197,10.51,99,86,1.91,RU,1686871680
261,crane,31.3974,-102.3501,38.5,7,26,9.07,US,1686871680
262,piacabucu,-10.4056,-36.4344,24.44,85,1,3.9,BR,1686871385
263,rangpur,25.75,89.25,24.74,95,80,4.91,BD,1686871680
264,kingston,17.997,-76.7936,30.69,68,20,7.72,JM,1686871645
265,kapuskasing,49.4169,-82.4331,19.05,55,75,4.63,CA,1686871681
266,westport,41.1415,-73.3579,25.87,58,0,5.14,US,1686871681
267,boke,10.9409,-14.2967,25.01,94,100,1.6,GN,1686871681
268,hadibu,12.65,54.0333,27.8,80,100,7.82,YE,1686871681
269,soio,-6.1349,12.3689,21.99,86,40,2.24,AO,1686871681
270,luganville,-15.5333,167.1667,26.16,85,69,3.85,VU,1686871682
271,banda aceh,5.5577,95.3222,26.71,72,100,4.92,ID,1686871682
272,nacozari de garcia,30.3742,-109.6908,33.94,9,22,9.57,MX,1686871682
273,itamaraca,-7.7478,-34.8256,27.03,88,6,4.58,BR,1686871682
274,pointe aux piments,-20.0628,57.5131,23.62,72,9,6.46,MU,1686871682
275,chivilcoy,-34.8957,-60.0167,7.61,63,19,2.44,AR,1686871682
276,el calafate,-50.3408,-72.2768,-2.33,74,89,0.24,AR,1686871682
277,benjamin constant,-4.3831,-70.0311,18.07,82,75,1.54,BR,1686871683
278,mejit,10.2753,170.8646,27.79,82,62,9.74,MH,1686871683
279,polyarnyy,69.1989,33.4478,4.94,67,72,8.78,RU,1686871683
280,pisco,-13.7,-76.2167,20.03,73,0,6.17,PE,1686871683
281,enewetak,11.3474,162.3373,27.76,79,99,8.26,MH,1686871683
282,belaya kholunitsa,58.84,50.8528,10.11,74,0,1.6,RU,1686871683
283,acarau,-2.8856,-40.12,25.76,81,4,6.33,BR,1686871684
284,belmonte,-15.8631,-38.8828,23.61,86,0,1.91,BR,1686871684
285,windermere,54.3809,-2.9071,18.18,86,15,1.42,GB,1686871684
286,praia da vitoria,38.7333,-27.0667,19.14,88,20,2.82,PT,1686871684
287,greymouth,-42.4667,171.2,9.77,58,90,2.6,NZ,1686871684
288,kilindoni,-7.9139,39.6668,25.58,74,70,4.74,TZ,1686871684
289,gonabad,34.3529,58.6837,26.3,13,0,3.1,IR,1686871685
290,ha tinh,18.3333,105.9,28.29,74,100,2.21,VN,1686871685
291,sisimiut,66.9395,-53.6735,0.17,79,100,3.48,GL,1686871685
292,vredendal,-31.6683,18.5012,11.56,90,0,2.61,ZA,1686871685
293,leava,-14.3,-178.1667,27.87,79,94,7.13,WF,1686871685
294,arica,-18.475,-70.3042,18.75,72,100,3.09,CL,1686871047
295,makoua,0.0069,15.6333,22.74,97,82,1.13,CG,1686871686
296,al fuwayliq,26.4432,43.2534,29.34,14,2,3.93,SA,1686871686
297,massaguet,12.4755,15.4365,30.51,50,53,2.52,TD,1686871686
298,matoury,4.8483,-52.3317,25.98,89,0,1.54,GF,1686871686
299,posto fiscal rolim de moura,-13.0833,-62.2667,18.59,71,2,1.3,BR,1686871686
300,saint-pierre,-21.3393,55.4781,23.82,64,100,1.54,RE,1686871686
301,pontevedra,42.431,-8.6444,20.5,72,87,1.56,ES,1686871472
302,milton-freewater,45.9326,-118.3877,26.04,34,0,1.54,US,1686871687
303,tres palos,18.1833,-101.6167,32.49,45,60,3.84,MX,1686871687
304,itaituba,-4.2761,-55.9836,23.81,93,63,1.19,BR,1686871687
305,tarija,-21.5355,-64.7296,11.95,47,0,3.09,BO,1686871478
306,talnakh,69.4865,88.3972,5.67,81,100,3.1,RU,1686871688
307,mugumu,-1.85,34.7,15.76,86,65,1.28,TZ,1686871688
308,buriti dos lopes,-3.175,-41.8669,24.66,89,95,1.55,BR,1686871688
309,cabo san lucas,22.8909,-109.9124,33.67,31,40,2.06,MX,1686871688
310,kristiansund,63.1115,7.732,12.03,87,36,5.14,NO,1686871688
311,bria,6.5423,21.9863,21.12,97,90,0.86,CF,1686871688
312,agat village,13.3886,144.6585,29.64,75,20,7.2,GU,1686871689
313,zeya,53.75,127.2667,15.16,57,99,1.63,RU,1686871689
314,tazacorte,28.629,-17.9293,22.54,95,75,4.63,ES,1686871689
315,la sarre,48.8002,-79.1996,18.29,65,85,2.44,CA,1686871689
316,hede,33.7681,120.2517,24.95,58,94,3.93,CN,1686871689
317,brownwood,31.7093,-98.9912,37.0,52,0,6.69,US,1686871642
318,north myrtle beach,33.816,-78.68,27.99,75,0,9.26,US,1686871690
319,gadzhiyevo,69.2551,33.3362,4.76,66,68,9.08,RU,1686871690
320,prince rupert,54.3161,-130.3201,12.05,79,100,17.49,CA,1686871683
321,douglas,41.3,-96.167,31.84,41,40,4.12,US,1686871690
322,nova sintra,14.8667,-24.7167,21.19,78,34,5.65,CV,1686871690
323,pahrump,36.2083,-115.9839,34.41,19,11,3.58,US,1686871691
324,huaihua,27.5494,109.9592,20.52,92,94,1.53,CN,1686871691
325,tambopata,-12.7333,-69.1833,15.94,77,0,0.51,PE,1686871691
326,paramaribo,5.8667,-55.1667,25.03,93,20,1.03,SR,1686871691
327,scottburgh,-30.2867,30.7532,15.52,86,31,2.75,ZA,1686871427
328,charlotte amalie,18.3419,-64.9307,29.25,79,40,4.63,VI,1686871692
329,mata-utu,-13.2816,-176.1745,28.22,78,81,6.17,WF,1686871692
330,liwale,-9.7667,37.9333,16.26,58,82,0.48,TZ,1686871692
331,kayangel,8.0823,134.7173,28.37,73,67,3.32,PW,1686871692
332,goroka,-6.0834,145.3873,19.12,86,100,0.95,PG,1686871692
333,nguruka,-5.1092,31.0419,18.59,64,21,1.2,TZ,1686871692
334,ust-nera,64.5667,143.2,17.02,48,99,1.42,RU,1686871692
335,saynshand,44.8824,110.1163,26.42,17,91,3.34,MN,1686871693
336,moree,-29.4667,149.85,10.19,56,0,1.24,AU,1686871693
337,vila do maio,15.1333,-23.2167,24.44,80,40,3.97,CV,1686871693
338,ha'il,27.5219,41.6907,28.01,24,0,3.09,SA,1686871693
339,belyy yar,53.6039,91.3903,8.94,87,0,0.0,RU,1686871693
340,san borja,-14.8167,-66.85,14.74,79,97,0.58,BO,1686871693
341,nemuro,43.3236,145.575,14.11,94,98,3.08,JP,1686871694
342,fredericksburg,38.3032,-77.4605,27.99,43,40,2.06,US,1686871679
343,vondrozo,-22.8167,47.2833,14.47,74,0,2.02,MG,1686871694
344,sakakah,29.9697,40.2064,25.76,29,0,5.94,SA,1686871694
345,lazaro cardenas,17.9583,-102.2,30.67,63,67,5.55,MX,1686871637
346,forster,-32.1667,152.5167,13.54,76,0,2.25,AU,1686871694
347,tambura,5.6,27.4667,20.24,88,92,1.07,SS,1686871523
348,luderitz,-26.6481,15.1594,13.67,81,0,2.77,NA,1686871695
349,caucete,-31.6518,-68.2811,12.56,26,2,2.2,AR,1686871695
350,ouani,-12.1322,44.4258,25.44,72,84,2.08,KM,1686871695
351,howrah,22.5892,88.3103,31.0,89,40,4.63,IN,1686871414
352,porto novo,6.4965,2.6036,26.9,93,100,2.38,BJ,1686871695
353,savanna-la-mar,18.219,-78.1332,29.97,73,80,1.32,JM,1686871696
354,kentau,43.5206,68.5094,24.41,23,37,7.57,KZ,1686871696
355,togur,58.3631,82.8265,4.84,83,4,3.11,RU,1686871441
356,bandon,51.7469,-8.7425,14.77,92,58,1.45,IE,1686871696
357,kedrovyy,56.1667,91.8167,12.23,69,11,2.57,RU,1686871696
358,zouerate,22.7187,-12.4521,32.53,13,0,4.52,MR,1686871621
359,kantunilkin,21.0917,-87.45,33.13,53,53,3.52,MX,1686871696
360,port hedland,-20.3167,118.5667,18.03,27,90,0.0,AU,1686871697
361,luwuk,-0.9516,122.7875,25.29,86,98,2.43,ID,1686871697
362,monschau,50.55,6.25,16.16,73,12,0.51,DE,1686871697
363,alzamay,55.5562,98.6644,9.72,61,5,1.71,RU,1686871697
364,kavaratti,10.5669,72.642,29.52,69,31,7.29,IN,1686871697
365,syston,52.6833,-1.0667,17.71,73,98,2.24,GB,1686871698
366,inirida,3.8653,-67.9239,22.75,98,97,1.77,CO,1686871698
367,teofilo otoni,-17.8575,-41.5053,19.44,87,10,1.36,BR,1686871698
368,daru,-9.0763,143.2092,26.17,80,96,6.55,PG,1686871698
369,jinghong,21.991,100.7341,21.28,99,89,0.43,CN,1686871698
370,grambling,32.5276,-92.714,34.27,37,1,2.29,US,1686871698
371,dhidhdhoo,6.8833,73.1,28.91,76,33,7.28,MV,1686871698
372,quellon,-43.1167,-73.6167,6.14,70,0,3.09,CL,1686871699
373,mawu,29.5923,107.3139,16.37,98,100,0.85,CN,1686871699
374,klaksvik,62.2266,-6.589,9.51,91,79,3.66,FO,1686871699
375,haiku-pauwela,20.9219,-156.3051,30.01,48,40,10.8,US,1686871699
376,vryburg,-26.9566,24.7284,6.2,87,0,2.64,ZA,1686871699
377,tumpat,6.1978,102.171,24.99,94,20,1.54,MY,1686871700
378,lautoka,-17.6167,177.4667,26.92,74,75,2.57,FJ,1686871700
379,coahuayana de hidalgo,18.7,-103.6583,31.99,52,31,3.26,MX,1686871701
380,aksuat,48.7167,83.7,11.19,59,51,1.33,KZ,1686871701
381,sierra vista,31.5545,-110.3037,32.98,7,0,14.92,US,1686871701
382,sitka,57.0531,-135.33,11.94,66,100,6.17,US,1686871701
383,shizunai-furukawacho,42.3339,142.3669,15.57,94,100,1.08,JP,1686871701
384,namibe,-15.1961,12.1522,19.16,73,1,1.4,AO,1686871702
385,bierutow,51.1244,17.5461,13.76,89,44,2.57,PL,1686871702
386,muroto-misakicho,33.2833,134.15,21.88,73,0,1.11,JP,1686871702
387,zambezi,-13.5432,23.1047,12.03,32,0,1.83,ZM,1686871702
388,saint-philippe,-21.3585,55.7679,23.77,85,71,5.89,RE,1686871702
389,bargaal,11.2864,51.0773,30.12,59,100,6.07,SO,1686871702
390,katutura,-22.521,17.0557,12.38,19,0,3.09,NA,1686871703
391,stutterheim,-32.5708,27.424,7.92,82,10,3.89,ZA,1686871703
392,dukhan,25.4297,50.7858,31.29,61,32,5.31,QA,1686871703
393,marshalltown,42.0494,-92.908,31.13,37,0,3.6,US,1686871703
394,waingapu,-9.6567,120.2641,23.55,81,34,3.74,ID,1686871703
395,gorontalo,0.5412,123.0595,24.46,90,55,0.62,ID,1686871703
396,tommot,58.9564,126.2925,9.29,90,100,2.42,RU,1686871704
397,shahrud,36.4182,54.9763,24.47,33,2,2.52,IR,1686871704
398,illapel,-31.6308,-71.1653,16.98,24,7,1.14,CL,1686871704
399,konarka,19.9,86.1167,29.22,85,93,6.11,IN,1686871704
400,fortuna,40.5982,-124.1573,20.19,65,20,8.23,US,1686871692
401,thanh hoa,19.8,105.7667,27.32,83,97,1.37,VN,1686871704
402,richards bay,-28.783,32.0377,18.22,89,0,3.89,ZA,1686871705
403,malaut,30.2167,74.4833,32.61,44,47,4.31,IN,1686871705
404,conde,-7.2597,-34.9075,24.7,100,75,1.54,BR,1686871705
405,andergrove,-21.0833,149.1833,20.91,73,49,4.09,AU,1686871416
406,bandarbeyla,9.4942,50.8122,24.91,84,93,12.27,SO,1686871705
407,shimoda,34.6667,138.95,24.2,79,1,8.8,JP,1686871705
408,sambava,-14.2667,50.1667,21.34,87,36,2.96,MG,1686871706
409,woodfin,35.6334,-82.5821,24.57,73,71,0.45,US,1686871706
410,calama,-22.4667,-68.9333,15.27,9,0,6.17,CL,1686871706
411,klyuchi,52.2667,79.1667,16.48,47,90,2.64,RU,1686871706
412,oxapampa,-10.5775,-75.4017,13.39,99,97,0.36,PE,1686871706
413,arsen'yev,44.1631,133.2733,21.04,80,55,0.92,RU,1686871706
414,pelabuhanratu,-6.9875,106.5514,24.63,90,85,0.94,ID,1686871707
415,novhorod-sivers'kyy,52.0058,33.2615,13.72,90,0,1.35,UA,1686871707
416,yaren,-0.5472,166.916,28.29,78,86,5.36,NR,1686871707
417,santa elena de uairen,4.6167,-61.1333,20.08,90,49,2.71,VE,1686871707
418,astoria,46.1879,-123.8313,19.22,66,0,7.72,US,1686871707
419,al jawf,29.5,38.75,24.78,36,0,6.93,SA,1686871708
420,tifton,31.4505,-83.5085,20.98,98,100,2.87,US,1686871708
421,awjilah,29.1081,21.2869,24.37,67,4,6.9,LY,1686871708
422,boende,-0.2167,20.8667,22.0,98,30,0.7,CD,1686871708
423,tual,-5.6667,132.75,27.11,77,96,8.95,ID,1686871708
424,titusville,28.6122,-80.8075,29.01,91,75,10.29,US,1686871709
425,wilhelmsburg,48.1057,15.6054,14.02,76,42,1.53,AT,1686871709
426,naze,28.3667,129.4833,24.51,82,99,2.93,JP,1686871709
427,humberto de campos,-2.5983,-43.4611,24.58,89,60,1.74,BR,1686871709
428,celestun,20.8667,-90.4,30.99,72,12,7.28,MX,1686871709
429,luanda,-8.8368,13.2343,23.0,83,100,2.57,AO,1686871710
430,nadi,-17.8,177.4167,27.0,74,75,2.57,FJ,1686871439
431,ripky,51.801,31.0838,14.5,87,75,2.7,UA,1686871710
432,carrigaline,51.8117,-8.3986,14.86,100,75,2.06,IE,1686871710
433,machico,32.7,-16.7667,21.67,84,20,4.12,PT,1686871710
434,serafimovskiy,54.4241,53.7964,15.42,69,100,1.05,RU,1686871710
435,balfour,-26.6633,28.5902,6.75,83,0,4.13,ZA,1686871710
436,dakoro,14.5106,6.765,35.06,28,38,2.83,NE,1686871711
437,tuy hoa,13.0833,109.3,26.69,79,100,2.29,VN,1686871711
438,altus,34.6381,-99.334,35.84,53,100,11.32,US,1686871463
439,port lavaca,28.615,-96.6261,32.39,76,75,7.72,US,1686871711
440,shache,38.4167,77.2406,22.62,28,59,4.58,CN,1686871711
441,macau,22.2006,113.5461,27.89,100,75,3.6,MO,1686871712
442,igarka,67.4667,86.5833,6.68,68,41,2.9,RU,1686871712
443,ebon,4.582,168.6964,28.72,80,91,6.7,MH,1686871712
444,thames,-37.1333,175.5333,13.87,71,99,3.52,NZ,1686871712
445,vuktyl,63.8567,57.3094,4.42,79,85,4.76,RU,1686871712
446,lucapa,-8.4192,20.7447,19.21,38,10,1.92,AO,1686871712
447,cold lake,54.4502,-110.2017,11.97,82,100,5.66,CA,1686871500
448,novyy turtkul',41.55,61.0167,21.95,26,85,4.96,UZ,1686871713
449,horta,38.5333,-28.6333,18.34,87,19,1.79,PT,1686871713
450,bonthe,7.5264,-12.505,26.46,81,94,4.05,SL,1686871713
451,soto la marina,23.7667,-98.2167,39.01,32,0,8.76,MX,1686871713
452,nguigmi,14.2495,13.1092,31.76,44,100,3.49,NE,1686871713
453,ambovombe,-25.1667,46.0833,18.3,57,0,3.35,MG,1686871713
454,reggio nell'emilia,44.6983,10.6313,19.25,68,31,1.34,IT,1686871714
455,vernon,50.2581,-119.2691,26.17,32,64,1.03,CA,1686871713
456,arenal,8.4593,-73.9433,26.83,88,90,1.87,CO,1686871714
457,anna regina,7.2644,-58.5077,24.04,88,100,3.12,GY,1686871714
458,baturaja,-4.1333,104.1667,22.56,99,100,0.72,ID,1686871714
459,knyaze-volkonskoye,48.4642,135.4567,20.19,61,98,3.31,RU,1686871714
460,brookings,44.3114,-96.7984,30.19,32,0,0.0,US,1686871455
461,binzhou,37.3667,118.0167,30.92,28,69,2.77,CN,1686871715
462,kapa'a,22.0752,-159.319,27.99,86,75,8.75,US,1686871715
463,kenai,60.5544,-151.2583,11.75,64,100,9.26,US,1686871715
464,bodo,67.28,14.405,9.41,92,100,2.57,NO,1686871715
465,bolotnoye,55.6717,84.3981,10.29,98,91,2.3,RU,1686871715
466,kassala,15.451,36.4,26.23,68,85,6.76,SD,1686871715
467,champerico,14.3,-91.9167,26.3,67,12,2.43,GT,1686871716
468,oranjemund,-28.55,16.4333,14.07,89,11,1.34,NA,1686871716
469,lethem,3.3803,-59.7968,25.69,82,41,2.57,GY,1686871626
470,bikenibeu village,1.3673,173.1241,31.98,74,20,4.12,KI,1686871716
471,midelt,32.6852,-4.7451,25.6,31,17,1.32,MA,1686871716
472,tahe,52.3333,124.7333,15.36,64,100,1.84,CN,1686871716
473,jianshui,23.6363,102.8264,19.51,97,97,1.56,CN,1686871717
474,grand forks,47.9417,-97.4337,23.85,39,20,5.66,US,1686871717
475,ghanzi,-21.5667,21.7833,11.94,20,0,3.8,BW,1686871717
476,san jose del guaviare,2.5729,-72.6459,20.35,99,100,1.83,CO,1686871717
477,elkins,38.9259,-79.8467,23.2,71,0,2.57,US,1686871717
478,kiunga,-6.1219,141.2906,23.96,98,98,1.15,PG,1686871717
479,broken hill,-31.95,141.4333,10.17,59,0,5.19,AU,1686871718
480,illizi,26.4833,8.4667,30.89,19,0,3.72,DZ,1686871718
481,port blair,11.6667,92.75,26.02,94,75,1.03,IN,1686871718
482,ares,-6.1944,-35.1603,24.05,91,2,3.54,BR,1686871718
483,ishigaki,24.3448,124.1572,26.07,100,75,4.12,JP,1686871718
484,sao jose da coroa grande,-8.8978,-35.1478,25.12,86,1,4.54,BR,1686871718
485,hilo,19.7297,-155.09,29.6,72,20,5.14,US,1686871564
486,domna,51.8971,113.1573,10.09,57,86,1.0,RU,1686871719
487,khenifra,32.9333,-5.6667,27.31,33,2,1.77,MA,1686871719
488,utrik,11.2278,169.8474,27.47,81,100,9.32,MH,1686871719
489,ibiza,38.9088,1.433,22.34,74,0,1.34,ES,1686871538
490,harper,4.375,-7.7169,25.7,78,53,3.72,LR,1686871719
491,puerto deseado,-47.7503,-65.8938,4.31,52,0,3.28,AR,1686871720
492,badagry,6.4167,2.8833,25.33,88,100,3.4,NG,1686871720
493,al kharijah,25.4514,30.5464,27.77,26,1,3.43,EG,1686871720
494,tofol,5.3248,163.0078,24.88,94,100,1.54,FM,1686871721
495,homer,59.6425,-151.5483,13.94,47,100,6.17,US,1686871721
496,aleksandrovsk-sakhalinskiy,50.8975,142.1561,12.0,83,88,4.32,RU,1686871721
497,tsiombe,-25.3,45.4833,16.77,79,0,3.13,MG,1686871721
498,cowansville,45.2001,-72.7491,19.49,85,86,0.51,CA,1686871721
499,lorengau,-2.0226,147.2712,26.83,83,100,2.72,PG,1686871721
500,inhambane,-23.865,35.3833,19.34,33,0,3.86,MZ,1686871721
501,mount gambier,-37.8333,140.7667,10.59,66,0,6.14,AU,1686871722
502,portstewart,55.1813,-6.714,15.74,73,7,3.09,GB,1686871722
503,flin flon,54.7682,-101.865,19.91,64,40,4.12,CA,1686871722
504,safi,32.1667,-8.8333,22.08,63,1,3.4,MA,1686871722
505,hammerfest,70.6634,23.6821,5.25,70,75,2.06,NO,1686871722
506,laredo,27.5064,-99.5075,42.16,24,0,4.12,US,1686871432
507,pleiku,13.9833,108.0,20.87,91,100,1.06,VN,1686871723
508,mchinji,-13.7984,32.8802,14.81,55,27,0.79,MW,1686871723
509,sosnovo-ozerskoye,52.5249,111.5418,7.79,57,0,1.92,RU,1686871723
510,baie-comeau,49.2168,-68.1489,12.82,76,100,5.66,CA,1686871723
511,kidal,18.4411,1.4078,34.19,23,100,3.63,ML,1686871724
512,ulcinj,41.9294,19.2244,19.12,88,100,3.03,ME,1686871724
513,fallon,39.4735,-118.7774,26.93,17,75,7.2,US,1686871724
514,brewton,31.1052,-87.0722,23.23,81,90,4.83,US,1686871724
515,leua,48.2156,18.6071,14.17,76,100,2.09,SK,1686871725
516,chifeng,42.2683,118.9636,27.29,32,20,2.49,CN,1686871725
517,floro,61.5996,5.0328,17.04,88,23,2.06,NO,1686871725
518,ambon,-3.6954,128.1814,27.71,86,40,3.09,ID,1686871725
519,santyoku,37.4406,129.1708,21.82,73,0,0.95,KR,1686871725
520,haapsalu,58.9431,23.5414,16.06,67,98,3.03,EE,1686871725
521,guelmim,28.987,-10.0574,19.37,85,7,2.72,MA,1686871726
522,al mayadin,35.0209,40.4535,27.21,45,0,8.13,SY,1686871726
523,boali,4.8005,18.1275,22.25,93,66,0.88,CF,1686871726
524,benjamin aceval,-24.9667,-57.5667,13.11,85,74,1.26,PY,1686871726
525,pandan,14.0453,124.1694,28.13,81,100,2.62,PH,1686871726
526,kalamnuri,19.6667,77.3333,29.53,46,5,5.81,IN,1686871726
527,khenchela,35.4358,7.1433,14.98,83,4,1.82,DZ,1686871727
528,dedougou,12.4667,-3.4667,30.37,51,99,3.69,BF,1686871727
529,rawson,-43.3002,-65.1023,8.8,70,100,6.93,AR,1686871727
530,lamu,-2.2717,40.902,25.12,76,73,5.79,KE,1686871625
531,calderitas,18.55,-88.25,32.06,70,40,7.72,MX,1686871727
532,egilsstadir,65.2653,-14.3948,12.95,82,0,2.57,IS,1686871727
533,pontes e lacerda,-15.2261,-59.3353,14.3,71,6,2.3,BR,1686871727
534,erenhot,43.6475,111.9767,26.72,19,7,5.03,CN,1686871728
535,saudarkrokur,65.7461,-19.6394,15.21,69,93,0.15,IS,1686871728
536,mount pearl,47.5166,-52.7813,8.92,94,75,5.66,CA,1686871728
537,wuchuan,21.4571,110.7659,26.64,90,100,2.2,CN,1686871728
538,ishinomaki,38.4167,141.3,20.0,97,100,4.77,JP,1686871728
539,camocim,-2.9022,-40.8411,25.84,85,31,6.27,BR,1686871728
540,konosha,60.9736,40.257,11.33,71,30,1.61,RU,1686871729
541,mcalester,34.9334,-95.7697,28.34,64,20,1.54,US,1686871729
542,poso,-1.3959,120.7524,25.17,79,94,1.95,ID,1686871729
543,yuzhno-kurilsk,44.0306,145.8556,12.9,97,100,3.39,RU,1686871729
544,tanout,14.9709,8.8879,32.57,37,25,5.2,NE,1686871729
545,labytnangi,66.6572,66.4183,3.26,71,22,5.45,RU,1686871437
546,patterson,37.4716,-121.1297,32.04,21,83,4.14,US,1686871729
547,holualoa,19.6228,-155.9522,24.91,88,75,5.66,US,1686871627
548,lukolela,-1.0605,17.1821,21.58,96,74,0.17,CD,1686871730
549,tucuma,-0.1833,-50.05,25.51,84,30,3.13,BR,1686871730
550,malango,-2.9627,119.9001,18.45,93,72,0.9,ID,1686871730
551,aflou,34.1128,2.1023,19.97,41,0,2.0,DZ,1686871730
552,mukalla,14.5425,49.1242,31.66,68,89,2.33,YE,1686871730
553,khandyga,62.6667,135.6,18.36,55,9,1.44,RU,1686871731
554,nova mayachka,46.6,33.2271,17.64,90,3,2.83,UA,1686871731
555,ts'khinvali,42.2276,43.9686,15.05,99,100,1.49,GE,1686871731
556,rurrenabaque,-14.4413,-67.5278,15.51,80,97,0.13,BO,1686871731
557,ta'if,21.2703,40.4158,24.56,21,9,4.07,SA,1686871583
558,fortaleza,-3.7227,-38.5247,27.07,78,0,2.57,BR,1686871622
559,mek'ele,13.4967,39.4753,17.79,71,28,1.38,ET,1686871731
560,hotan,37.0997,79.9269,24.71,25,92,3.26,CN,1686871732
561,baiyin,36.5583,104.2081,16.32,69,94,1.94,CN,1686871732
562,merowe,18.4833,31.8167,36.81,14,73,6.39,SD,1686871732
563,masterton,-40.9597,175.6575,10.49,71,0,2.6,NZ,1686871732
564,santanyi,39.3546,3.1291,24.23,77,2,2.04,ES,1686871478
565,lompoc,34.6391,-120.4579,23.08,79,100,3.09,US,1686871732
566,qoryooley,1.7878,44.53,23.3,90,91,5.2,SO,1686871733
567,cadale,2.7603,46.3222,25.63,85,61,8.22,SO,1686871733
568,prainha,-1.8,-53.48,27.09,71,71,1.11,BR,1686871733
569,miles city,46.4083,-105.8406,21.54,37,75,4.63,US,1686871733
570,nyurba,63.2842,118.3319,11.5,64,19,4.37,RU,1686871733
571,sao joao da barra,-21.6403,-41.0511,23.05,86,99,6.38,BR,1686871733
572,dzuunmod,48.2199,97.3744,9.67,70,100,0.32,MN,1686871733
573,manta,-0.95,-80.7333,27.88,89,40,8.05,EC,1686871734
574,barranca,-10.75,-77.7667,20.49,79,48,3.61,PE,1686871734
575,pokhara,28.2333,83.9833,24.71,60,72,1.46,NP,1686871734
576,mana,5.6592,-53.7767,24.86,91,100,3.39,GF,1686871734
577,anshun,26.25,105.9333,18.56,98,100,2.77,CN,1686871614
578,vorkuta,67.5,64.0,0.74,96,91,7.19,RU,1686871600
579,sierra grande,-41.606,-65.3557,7.16,72,100,4.92,AR,1686871735
580,rancharia,-22.2292,-50.8931,12.38,85,100,2.27,BR,1686871735
581,mandalgovi,45.7625,106.2708,15.39,66,98,10.08,MN,1686871735
582,kota belud,6.351,116.4305,26.04,68,100,1.64,MY,1686871735
583,salahonda,2.1019,-78.7217,27.42,80,66,4.23,CO,1686871735
584,rikaze,29.25,88.8833,9.77,73,75,1.68,CN,1686871735
585,goias,-15.5807,-49.6362,22.56,63,100,3.42,BR,1686871735
586,stolin,51.8912,26.846,15.67,92,98,0.27,BY,1686871736
587,taltal,-25.4,-70.4833,15.95,61,18,0.74,CL,1686870963
588,duba,27.3513,35.6901,28.86,55,0,1.1,SA,1686871736
589,salida,37.7058,-121.0849,32.72,42,82,2.24,US,1686871721
590,kotwa,25.0167,81.3167,33.18,36,0,1.95,IN,1686871736
591,kapoeta,4.7717,33.5903,23.93,75,96,2.73,SS,1686871736
592,wajir,1.7471,40.0573,24.85,52,34,6.18,KE,1686871737
593,bridgewater,44.3835,-64.5155,13.95,98,86,3.09,CA,1686871737
594,al majaridah,19.1236,41.9111,33.4,34,82,3.16,SA,1686871737
595,the pas,53.8251,-101.2541,20.01,64,75,8.75,CA,1686871737
